id,activity,task,story,persona,outcome,slice
S001,Open a ready notebook,Get the panel,"As a platform engineer, I want to ship a notebook template whose panel renders with no import the researcher types, so that the end user only ever clicks",platform-engineer,the end user only ever clicks,walking-skeleton
S002,Open a ready notebook,Get the panel,"As a researcher, I want to paste a one-line cell into an existing notebook, so that I can add the panel without starting over from the template",researcher,I can add the panel without starting over from the template,mvp
S003,Open a ready notebook,Choose what to run,"As a researcher, I want profile and queue dropdowns populated from the TauCluster, so that I pick platform policy instead of typing it",researcher,I pick platform policy instead of typing it,walking-skeleton
S004,Open a ready notebook,Choose what to run,"As a researcher, I want to see which profile and queue were resolved and why, so that I trust the defaults rather than guessing",researcher,I trust the defaults rather than guessing,mvp
S005,Open a ready notebook,Choose what to run,"As a researcher, I want each offered profile to say whether a notebook running in its own kernel gets a GPU, so that I am not surprised by a silent CPU fallback",researcher,I am not surprised by a silent CPU fallback,mvp
S006,Open a ready notebook,Pick the files to ship,"As a researcher, I want to pick companion files sitting beside the notebook, so that the run carries what it imports",researcher,the run carries what it imports,mvp
S007,Open a ready notebook,Pick the files to ship,"As a researcher, I want the picker to bound what it reads and refuse an oversized file with a reason, so that a large file cannot exhaust the notebook server",researcher,a large file cannot exhaust the notebook server,mvp
S008,Submit the notebook,Package the notebook,"As a researcher, I want the panel to resolve the notebook I am working in and package it with a runner, so that the notebook itself is the job",researcher,the notebook itself is the job,walking-skeleton
S009,Submit the notebook,Package the notebook,"As a researcher, I want unsupported notebook shapes refused with a reason, so that I never get a silently wrong job",researcher,I never get a silently wrong job,mvp
S010,Submit the notebook,Render the workload,"As a researcher, I want the panel to render a ray.io/v1 RayJob with Kueue's admission contract intact, so that submitting still enters fair-share queueing",researcher,submitting still enters fair-share queueing,walking-skeleton
S011,Submit the notebook,Render the workload,"As a researcher, I want the work that needs a GPU to execute where the GPUs are, so that a notebook doing its own CUDA training does not silently fall back to CPU",researcher,a notebook doing its own CUDA training does not silently fall back to CPU,walking-skeleton
S012,Submit the notebook,Render the workload,"As a platform engineer, I want the Python renderer to match the Go renderer for the same logical job, so that the plugin cannot drift from the CLI",platform-engineer,the plugin cannot drift from the CLI,mvp
S013,Submit the notebook,Apply it,"As a researcher, I want the panel to apply the workload and give a clear actionable error when the profile or queue is wrong, so that I know whether to fix my config or ask the platform owner",researcher,I know whether to fix my config or ask the platform owner,walking-skeleton
S014,Submit the notebook,Apply it,"As a researcher, I want a dry-run that renders without applying, so that I can inspect the manifest before it consumes quota",researcher,I can inspect the manifest before it consumes quota,mvp
S015,Submit the notebook,Apply it,"As a researcher, I want the resolved namespace, queue and profile echoed back after submit, so that I can confirm the platform applied the policy I expected",researcher,I can confirm the platform applied the policy I expected,mvp
S016,Watch it converge,Read training progress,"As a researcher, I want a loss curve read from the run's house-format JSONL metrics, so that I can see convergence without leaving the notebook and without a second metrics pipeline",researcher,I can see convergence without leaving the notebook and without a second metrics pipeline,walking-skeleton
S017,Watch it converge,Read training progress,"As a researcher, I want loss parsed from the job's stdout when no metrics file exists, so that a plain print statement is enough",researcher,a plain print statement is enough,mvp
S018,Watch it converge,Read training progress,"As a researcher, I want the portal series API used as a fallback source, so that history remains readable after the run ends",researcher,history remains readable after the run ends,r2
S019,Watch it converge,Read GPU usage,"As a researcher, I want per-device GPU utilization with explicit observed flags, so that a real zero is distinguishable from a value that was never reported",researcher,a real zero is distinguishable from a value that was never reported,mvp
S020,Watch it converge,Read GPU usage,"I want scrape coverage and framebuffer usage shown together, so that I can tell a partial scrape from a healthy one",researcher,I can tell a partial scrape from a healthy one,mvp
S021,Watch it converge,Keep it live,"As a researcher, I want automatic polling with a visible interval and a stop control, so that the panel's updates are explainable",researcher,the panel's updates are explainable,mvp
S022,Watch it converge,Keep it live,"As a researcher, I want a completed run to say that live GPU samples are gone, so that I am never shown a false zero",researcher,I am never shown a false zero,mvp
S023,Inspect the cluster,Open Ray,"As a researcher, I want a link to the Ray dashboard for my run's cluster, so that I can drill into Ray without knowing the proxy URL scheme",researcher,I can drill into Ray without knowing the proxy URL scheme,walking-skeleton
S024,Inspect the cluster,Open Ray,"As a researcher, I want the dashboard embedded only when it can actually load, so that I never stare at a blank frame with no error",researcher,I never stare at a blank frame with no error,mvp
S025,Inspect the cluster,Check admission and pods,"As a researcher, I want the admission state and the Kueue message verbatim, so that I can tell waiting-for-quota apart from broken",researcher,I can tell waiting-for-quota apart from broken,mvp
S026,Inspect the cluster,Check admission and pods,"As a researcher, I want the pod list with phase, node and restart count, so that I can spot a crash loop myself",researcher,I can spot a crash loop myself,mvp
S027,Recover or hand off,Read the failure,"As a researcher, I want diagnostics with severity, message and suggestion, so that a failure tells me what to do next",researcher,a failure tells me what to do next,walking-skeleton
S028,Recover or hand off,Read the failure,"As a researcher, I want the suggested next command rendered copy-pasteable, so that recovery does not require guessing",researcher,recovery does not require guessing,mvp
S029,Recover or hand off,Share the evidence,"As a reviewer, I want a standalone HTML export of the panel, so that I can attach the run's evidence to a report or a pull request",reviewer,I can attach the run's evidence to a report or a pull request,mvp
S030,Recover or hand off,Share the evidence,"As a reviewer, I want a deep link into the portal experiment page, so that I can see the full run rather than a summary",reviewer,I can see the full run rather than a summary,r2
S031,Govern tenant capacity and access,State what is governed,"As a platform engineer, I want the plugin's scope documented as single-active-workspace with isolation explicitly a non-goal, so that nobody mistakes a path check for tenant isolation",platform-engineer,nobody mistakes a path check for tenant isolation,walking-skeleton
S032,Govern tenant capacity and access,State what is governed,"As a tenant admin, I want to see which workspace, namespace and team a profile authorizes, so that I know who is entitled to it",tenant-admin,I know who is entitled to it,mvp
S033,Govern tenant capacity and access,Keep selection correct,"As a tenant admin, I want only ready profiles offered from the cluster's resolved status catalog, so that a stale or unready profile cannot be selected",tenant-admin,a stale or unready profile cannot be selected,walking-skeleton
S034,Govern tenant capacity and access,Keep selection correct,"As a tenant admin, I want profiles filtered by the namespace and team they authorize, so that the plugin cannot offer capacity a tenant is not entitled to",tenant-admin,the plugin cannot offer capacity a tenant is not entitled to,walking-skeleton
S035,Govern tenant capacity and access,Keep selection correct,"As a platform engineer, I want the plugin's readiness and applicability rules to match the CLI and the portal, so that there is one authorization policy rather than three",platform-engineer,there is one authorization policy rather than three,mvp
S036,Govern tenant capacity and access,Keep selection correct,"As a tenant admin, I want a submission refused when the profile does not apply, so that entitlement is enforced at the boundary rather than in a dropdown",tenant-admin,entitlement is enforced at the boundary rather than in a dropdown,mvp
S037,Govern tenant capacity and access,Keep it auditable,"As a platform engineer, I want an auditable record of workspace and profile changes, so that access changes can be reviewed after the fact",platform-engineer,access changes can be reviewed after the fact,r2
S038,Promote and operate the run,Reproduce it,"As an MLOps engineer, I want the submitted run to carry a reproducibility record, so that I can rebuild the environment that produced a result",mlops-engineer,I can rebuild the environment that produced a result,walking-skeleton
S039,Promote and operate the run,Reproduce it,"As an MLOps engineer, I want the payload digest visible on the workload, so that I can confirm which notebook bytes actually ran",mlops-engineer,I can confirm which notebook bytes actually ran,mvp
S040,Promote and operate the run,Promote the artifacts,"As an MLOps engineer, I want the checkpoints and artifacts a run produced to be discoverable, so that a result can leave the notebook",mlops-engineer,a result can leave the notebook,mvp
S041,Promote and operate the run,Promote the artifacts,"As an MLOps engineer, I want to promote a checkpoint to a durable location, so that it survives the RayCluster being torn down",mlops-engineer,it survives the RayCluster being torn down,mvp
S042,Promote and operate the run,Operate it,"As an SRE, I want run lifecycle state visible after the RayCluster is torn down, so that I can tell what happened to a finished run",sre,I can tell what happened to a finished run,mvp
S043,Promote and operate the run,Operate it,"I want the run's metrics history retained beyond the run, so that I can compare it against later runs",sre,I can compare it against later runs,mvp
S044,Promote and operate the run,Operate it,"As an SRE, I want per-team cost attribution for the run, so that consumption can be charged to the team that caused it",sre,consumption can be charged to the team that caused it,r2
S045,Non-backbone: Test isolation of the browser harnesses,Test isolation of the browser harnesses,"As a platform engineer, I want the browser e2e harnesses to clean up only the sessions and kernels they created, so that running a test never destroys a user's in-memory work",platform-engineer,running a test never destroys a user's in-memory work,walking-skeleton
S046,Non-backbone: Test isolation of the browser harnesses,Test isolation of the browser harnesses,"As a platform engineer, I want each harness to use a unique run identity and its own workspace, so that concurrent test invocations do not collide",platform-engineer,concurrent test invocations do not collide,mvp
S047,Non-backbone: SDK packaging and CI,SDK packaging and CI,"As a platform engineer, I want the widgets extra to declare every module it imports and CI to install it, so that installing the extra is sufficient and the jupyter tests actually run",platform-engineer,installing the extra is sufficient and the jupyter tests actually run,walking-skeleton
S048,Non-backbone: Metrics format convergence,Metrics format convergence,"As a platform engineer, I want a written comparison of the tfevents format against the house W&B-style JSONL format, so that we decide on evidence which formats the metrics collector should accept instead of adding a service per tracker",platform-engineer,we decide on evidence which formats the metrics collector should accept instead of adding a service per tracker,mvp
S049,Non-backbone: Metrics format convergence,Metrics format convergence,"As a platform engineer, I want tfevents converted into house-format rows rather than served by a parallel dashboard, so that one metrics pipeline keeps serving every framework",platform-engineer,one metrics pipeline keeps serving every framework,r2
